name;country_id
Бадахшан;1
Бадгис;1
Баглан;1
Балх;1
Бамиан;1
Дайкунди;1
Фарах;1
Фарьяб;1
Газни;1
Гор;1
Гельменд;1
Герат;1
Джаузджан;1
Кабул;1
Кандагар;1
Каписа;1
Хост;1
Кунар;1
Кундуз;1
Лагман;1
Логар;1
Нангархар;1
Нимруз;1
Нуристан;1
Пактия;1
Пактика;1
Панджшер;1
Парван;1
Саманган;1
Сар-и-Пуль;1
Тахар;1
Урузган;1
Майдан-Вардак;1
Забуль;1
Берат;2
Дибра;2
Дуррес;2
Эльбасан;2
Фиер;2
Гирокастра;2
Корча;2
Кукес;2
Лежа;2
Шкодер;2
Тирана;2
Влёра;2
Адрар;3
Айн-Дефла;3
Айн-Темушент;3
Алжир;3
Аннаба;3
Батна;3
Беджая;3
Бешар;3
Блида;3
Бордж-Бу-Арреридж;3
Буира;3
Бумердес;3
Шлеф;3
Джельфа;3
Джиджель;3
Гельма;3
Иллизи;3
Константина;3
Мсила;3
Оран;3
Уаргла;3
Скикда;3
Сук-Ахрас;3
Таманрассет;3
Тебесса;3
Тиарет;3
Типаза;3
Тизи-Узу;3
Тлемсен;3
Андoрра-ла-Велья;4
Канилльо;4
Энкамп;4
Эскальдес-Энгордань;4
Ла-Массана;4
Ордино;4
Сант-Жулиа-де-Лoрия;4
Бенгела;5
Бие;5
Кабинда;5
Куандо-Кубанго;5
Куанза-Норте;5
Куанза-Сул;5
Кунене;5
Уамбо;5
Уила;5
Луанда;5
Сент-Джон;6
Сент-Мэри;6
Сент-Пол;6
Сент-Питер;6
Сент-Джордж;6
Сент-Филип;6
Барбуда;6
Буэнос-Айрес;7
Катамарка;7
Чако;7
Чубут;7
Кордова;7
Корриентес;7
Энтре-Риос;7
Формоса;7
Жужуй;7
Ла-Пампа;7
Ла-Риоха;7
Мендоса;7
Мисьонес;7
Неукен;7
Рио-Негро;7
Сальта;7
Сан-Хуан;7
Сан-Луис;7
Санта-Крус;7
Санта-Фе;7
Сантьяго-дель-Эстеро;7
Огненная Земля;7
Тукуман;7
Арагацотн;8
Армавир;8
Гегаркуник;8
Котайк;8
Лори;8
Ширак;8
Сюник;8
Тавуш;8
Вайоц-Дзор;8
Ереван;8
Австралийская столичная территория;9
Новый Южный Уэльс;9
Северная территория;9
Квинсленд;9
Южная Австралия;9
Тасмания;9
Виктория;9
Западная Австралия;9
Бургенланд;10
Каринтия;10
Нижняя Австрия;10
Верхняя Австрия;10
Зальцбург;10
Штирия;10
Тироль;10
Форарльберг;10
Вена;10
Апшерон;11
Агджабеди;11
Агдам;11
Агдаш;11
Акстафа;11
Астара;11
Баку;11
Барда;11
Бейлаган;11
Габала;11
Геранбой;11
Гёйчай;11
Губа;11
Гусар;11
Хаджикабул;11
Хачмаз;11
Имишли;11
Исмаиллы;11
Кюрдамир;11
Лачин;11
Ленкорань;11
Лерик;11
Масаллы;11
Нахичевань;11
Нефтечала;11
Огуз;11
Саатлы;11
Сальян;11
Сиазань;11
Тертер;11
Товуз;11
Шабран;11
Шамкир;11
Шеки;11
Шемаха;11
Шуша;11
Ярдымлы;11
Большой Багама;12
Бимини;12
Андрос;12
Новый Провиденс;12
Эльютера;12
Эксума;12
Инагуа;12
Лонг-Айленд;12
Маягуана;12
Акротири и Декелия;13
Мухаррак;13
Северная мухафаза;13
Столичная мухафаза;13
Южная мухафаза;13
Центральная мухафаза;13
Барисал;14
Читтагонг;14
Дакка;14
Кхулна;14
Маймансингх;14
Раджшахи;14
Рангпур;14
Силхет;14
Крайст-Черч;15
Сент-Андру;15
Сент-Джордж;15
Сент-Джеймс;15
Сент-Джозеф;15
Сент-Люси;15
Сент-Мишель;15
Сент-Питер;15
Сент-Филип;15
Сент-Томас;15
Брестская область;16
Витебская область;16
Гомельская область;16
Гродненская область;16
Минская область;16
Могилёвская область;16
Минск;16
Брюссельский столичный регион;17
Фландрия;17
Валлония;17
Белиз;18
Кайо;18
Коросаль;18
Ориндж-Уолк;18
Стэнн-Крик;18
Толедо;18
Алибори;19
Атакора;19
Атлантический;19
Боргу;19
Коллинс;19
Куффо;19
Донга;19
Зу;19
Литораль;19
Моно;19
Уэме;19
Плато;19
Алакапу;20
Бумтанг;20
Чукха;20
Дагана;20
Гаса;20
Хаа;20
Лхунце;20
Монгар;20
Паро;20
Пемагацел;20
Пунакха;20
Самдруп-Джонгхар;20
Самце;20
Сарпанг;20
Тхимпху;20
Трашиганг;20
Трашиянгце;20
Тонгса;20
Вангди-Пходранг;20
Земганг;20
Чукисака;21
Кочабамба;21
Ла-Пас;21
Оруро;21
Потоси;21
Тариха;21
Санта-Крус;21
Бени;21
Пандо;21
Бихач;22
Баня-Лука;22
Добой;22
Мостар;22
Тузла;22
Зеница;22
Сараево;22
Босанци;22
Центральный округ;23
Ганзи;23
Кгалагади;23
Кгатленг;23
Квененг;23
Северо-Западный округ;23
Северо-Восточный округ;23
Юго-Восточный округ;23
Южный округ;23
Акри;24
Алагоас;24
Амазонас;24
Баия;24
Сеара;24
Федеральный округ;24
Эспириту-Санту;24
Гояс;24
Мараньян;24
Мату-Гросу;24
Мату-Гросу-ду-Сул;24
Минас-Жерайс;24
Пара;24
Параиба;24
Парана;24
Пернамбуку;24
Пиауи;24
Рио-де-Жанейро;24
Риу-Гранди-ду-Норти;24
Риу-Гранди-ду-Сул;24
Рондония;24
Рорайма;24
Санта-Катарина;24
Сан-Паулу;24
Сержипи;24
Токантинс;24
Белайт;25
Бруней-Муара;25
Тембуронг;25
Тутонг;25
Благоевград;26
Бургас;26
Варна;26
Велико-Тырново;26
Видин;26
Враца;26
Габрово;26
Добрич;26
Кырджали;26
Кюстендил;26
Ловеч;26
Монтана;26
Пазарджик;26
Перник;26
Плевен;26
Пловдив;26
Разград;26
Русе;26
Шумен;26
Силистра;26
Сливен;26
Смолян;26
София;26
Стара-Загора;26
Тырговище;26
Хасково;26
Ямбол;26
Бубанза;27
Бурури;27
Канкузо;27
Чибитоке;27
Гитега;27
Карузи;27
Кайанза;27
Кирундо;27
Макамба;27
Мурамвья;27
Нгози;27
Руиги;27
Рутана;27
Русуси;27
Бале;27
Базега;27
Канза;27
Магама;27
Муйинга;27
Румонге;27
Боа-Виста;28
Брава;28
Маю;28
Сал;28
Сан-Николау;28
Сантьяго;28
Сан-Висенте;28
Санту-Антан;28
Фого;28
Бантеймеанчей;29
Баттамбанг;29
Кампонгтям;29
Кампонгчнанг;29
Кампонгспы;29
Кампонгтхом;29
Кампот;29
Кандаль;29
Каэх-Конг;29
Кох-Конг;29
Кэп;29
Кратье;29
Мондулкири;29
Пайлин;29
Пномпень;29
Прейвэнг;29
Пурсат;29
Ратанакири;29
Сиемреап;29
Преах-Вихеар;29
Адамава;30
Центральный;30
Восточный;30
Крайний Север;30
Литтораль;30
Северный;30
Северо-Западный;30
Западный;30
Южный;30
Юго-Западный;30
Альберта;31
Британская Колумбия;31
Манитоба;31
Нью-Брансуик;31
Ньюфаундленд и Лабрадор;31
Новая Шотландия;31
Онтарио;31
Остров Принца Эдуарда;31
Квебек;31
Саскачеван;31
Северо-Западные территории;31
Нунавут;31
Юкон;31
Баминги-Бангоран;32
Ба-Мисси;32
Ба-Ти;32
Ба-Хамбо;32
Ба-Оу;32
Ба-Кото;32
Нана-Мамбере;32
Нана-Гребизи;32
Оуам;32
Ухум-Пенде;32
Вака;32
Вака-Котто;32
Вака-Оуам;32
Гвинея-Басау;32
Вака-Мбиндо;32
Вака-Нана-Мамбере;32
Бахр-эль-Газаль;33
Бахр-эль-Джебель;33
Боргоу;33
Бургоу-Химан;33
Танджиле;33
Лак;33
Логоне-Ориенталь;33
Логоне-Оксиденталь;33
Масса;33
Масса-Куб;33
Тибести;33
Уади-Фира;33
Антoфагаста;34
Араукания;34
Арика-и-Паринакота;34
Атакама;34
Био-Био;34
Кокимбо;34
Лос-Лагос;34
Лос-Риос;34
Либертадор-Хенераль-Бернардо-О'Хиггинс;34
Магальянес;34
Мауле;34
Столичный регион;34
Нубле;34
Тарапака;34
Вальпараисо;34
Аньхой;35
Пекин;35
Чунцин;35
Фуцзянь;35
Ганьсу;35
Гуандун;35
Гуанси-Чжуанский автономный район;35
Гуйчжоу;35
Хайнань;35
Хэбэй;35
Хэйлунцзян;35
Хэнань;35
Гонконг;35
Хубэй;35
Хунань;35
Цзянсу;35
Цзянси;35
Гирин;35
Ляонин;35
Внутренняя Монголия;35
Нинся-Хуэйский автономный район;35
Цинхай;35
Шэньси;35
Шаньдун;35
Шанхай;35
Шаньси;35
Сычуань;35
Тайвань;35
Тяньцзинь;35
Синьцзян-Уйгурский автономный район;35
Тибетский автономный район;35
Юньнань;35
Чжэцзян;35
Амазонас;36
Антьокия;36
Араука;36
Атлантико;36
Богота;36
Боливар;36
Бояка;36
Кальдас;36
Какета;36
Касанаре;36
Каука;36
Сезар;36
Чоко;36
Кордова;36
Кундинамарка;36
Гуаиния;36
Гуавьяре;36
Уила;36
Ла-Гуахира;36
Магдалена;36
Мета;36
Нариньо;36
Норте-де-Сантандер;36
Путумайо;36
Киндио;36
Рисаральда;36
Сан-Андрес;36
Сантандер;36
Сукре;36
Толима;36
Валье-дель-Каука;36
Ваупес;36
Вичада;36
Гранд-Комор;37
Анжуан;37
Мохели;37
Буэнза;38
Куиллу;38
Кулу;38
Лекуму;38
Ликуала;38
Ниари;38
Плато;38
Пуэнт-Нуар;38
Санга;38
Южный;38
Аризона;39
Арканзас;39
Калифорния;39
Колорадо;39
Делавэр;39
Флорида;39
Джорджия;39
Гавайи;39
Айдахо;39
Иллинойс;39
Индиана;39
Айова;39
Канзас;39
Кентукки;39
Луизиана;39
Мэн;39
Мэриленд;39
Массачусетс;39
Мичиган;39
Миннесота;39
Миссисипи;39
Миссури;39
Монтана;39
Небраска;39
Невада;39
Нью-Гэмпшир;39
Нью-Джерси;39
Нью-Мексико;39
Нью-Йорк;39
Северная Каролина;39
Северная Дакота;39
Огайо;39
Оклахома;39
Орегон;39
Пенсильвания;39
Род-Айленд;39
Южная Каролина;39
Южная Дакота;39
Теннесси;39
Техас;39
Юта;39
Вермонт;39
Вирджиния;39
Вашингтон;39
Западная Вирджиния;39
Висконсин;39
Вайоминг;39
Вашингтон, округ Колумбия;39
Алахуэла;40
Картаго;40
Гуанакасте;40
Эредия;40
Лимон;40
Пунтаренас;40
Сан-Хосе;40
Беловарско-Билогорская;41
Бродско-Посавская;41
Дубровачко-Неретванская;41
Истрия;41
Карловацкая;41
Копривницко-Крижевацкая;41
Крапинско-Загорская;41
Личко-Сеньская;41
Меджимурская;41
Осиецко-Бараньская;41
Пожежско-Славонская;41
Приморско-Горанская;41
Шибеник-Книн;41
Сисакско-Мославинская;41
Сплитско-Далматинская;41
Вараждинская;41
Вуковарско-Сриемская;41
Задарская;41
Загреб;41
Артeмиса;42
Камагуэй;42
Сьего-де-Авила;42
Сьенфуэгос;42
Гавана;42
Гранма;42
Гуантанамо;42
Ольгин;42
Остров Молодежи;42
Лас-Тунас;42
Матансас;42
Майяри;42
Пинар-дель-Рио;42
Санкти-Спиритус;42
Сантьяго-де-Куба;42
Вилья-Клара;42
Фамагуста;43
Кирения;43
Ларнака;43
Лимассол;43
Никосия;43
Пафос;43
Южная Богемия;44
Южная Моравия;44
Карловарский край;44
Краловеградецкий край;44
Либерецкий край;44
Моравско-Силезский край;44
Оломоуцкий край;44
Пардубицкий край;44
Пльзенский край;44
Среднечешский край;44
Устецкий край;44
Край Высочина;44
Злинский край;44
Прага;44
Ховедстаден;45
Мидтьюлланн;45
Нордьютланн;45
Зеланд;45
Сюдданмарк;45
Джибути;46
Али-Сабиех;46
Арта;46
Дихил;46
Обок;46
Таджура;46
Сент-Эндрю;47
Сент-Дэвид;47
Сент-Джордж;47
Сент-Джон;47
Сент-Джозеф;47
Сент-Пол;47
Сент-Патрик;47
Асуа;48
Баоруко;48
Дахабон;48
Дуарте;48
Эль-Сейбо;48
Эспайльят;48
Гато;48
Галиана;48
Индепенденсия;48
Ла-Альтаграсия;48
Ла-Романа;48
Ла-Вега;48
Монте-Кристи;48
Монте-Плата;48
Сан-Кристобаль;48
Сан-Хуан;48
Сан-Педро-де-Макорис;48
Санчес-Рамирес;48
Сантьяго;48
Вальверде;48
Асуай;49
Боливар;49
Каньяр;49
Карчи;49
Чимборасо;49
Котопакси;49
Эль-Оро;49
Эсмеральдас;49
Галапагос;49
Гуаяс;49
Имбабура;49
Лоха;49
Лос-Риос;49
Манаби;49
Морона-Сантьяго;49
Напо;49
Орельяна;49
Пастаса;49
Пичинча;49
Санта-Елена;49
Санто-Доминго;49
Сукумбиос;49
Тунгурауа;49
Самора-Чинчипе;49
Асуан;50
Асьют;50
Александрия;50
Бани-Суэйф;50
Каир;50
Дакахлия;50
Дамиетта;50
Файюм;50
Гарбия;50
Гиза;50
Исмаилия;50
Кафр-эш-Шейх;50
Луксор;50
Матроух;50
Минуфия;50
Минья;50
Новый Вади;50
Северный Синай;50
Порт-Саид;50
Кальюбия;50
Кена;50
Красное море;50
Эль-Шаркия;50
Сохаг;50
Южный Синай;50
Суэц;50
Ахуачапан;51
Кабаньяс;51
Чалатенанго;51
Кускатлан;51
Ла-Либертад;51
Ла-Пас;51
Ла-Унион;51
Морасан;51
Сан-Мигель;51
Сан-Сальвадор;51
Сан-Висенте;51
Санта-Ана;51
Сонсонате;51
Усулутан;51
Аннобон;52
Северный Биоко;52
Южный Биоко;52
Сентро-Сур;52
Кьен-Нтем;52
Литорал;52
Веле-Нзас;52
Ансeба;53
Центральный;53
Дебуб;53
Гаш-Барка;53
Кей-Бахри;53
Северный Денакалия;53
Южный Денакалия;53
Куш;53
Макель;53
Дэссе;53
Харьюмаа;54
Хийумаа;54
Ида-Вирумаа;54
Йыгевамаа;54
Ярвамаа;54
Ляэнемаа;54
Ляэне-Вирумаа;54
Пыльвамаа;54
Пярнумаа;54
Рапламаа;54
Сааремаа;54
Тартумаа;54
Валгамаа;54
Вильяндимаа;54
Вырумаа;54
Хохона;55
Хлумелу;55
Манзини;55
Мхондло;55
Мпхака;55
Муланга;55
Ньякабве;55
Пиндо;55
Хоха;55
Адис-Абеба;56
Афар;56
Амхара;56
Бенишангул-Гумуз;56
Дыре-Дауа;56
Гамбела;56
Харари;56
Оромия;56
Сомали;56
Регион южных наций, национальностей и народов;56
Тыграй;56
Центральный;57
Западный;57
Восточный;57
Северный;57
Южный;57
Финляндия;58
Аландские острова;58
Южная Финляндия;58
Восточная Финляндия;58
Западная Финляндия;58
Уусимаа;58
Пирканмаа;58
Южная Карелия;58
Лапландия;58
Кайну;58
Центральная Финляндия;58
Центральная Остроботния;58
Северная Остроботния;58
Северная Карелия;58
Южная Остроботния;58
Саво;58
Сатакунта;58
Казахстан;58
Овернь-Рона-Альпы;59
Бургундия-Франш-Конте;59
Бретань;59
Центр-Долина Луары;59
Корсика;59
Гранд-Эст;59
О-де-Франс;59
Иль-де-Франс;59
Нормандия;59
Новая Аквитания;59
Окситания;59
Прованс-Альпы-Лазурный Берег;59
Земли Луары;59
Габон;60
Огуэ-Ивиндо;60
Огуэ-Лоре;60
Нгунье;60
Ньянга;60
Огове-Маритим;60
Верхнее Огуэ;60
Воле-Нтем;60
Нижнее Огуэ;60
Баобаб;61
Центральный;61
Западный;61
Восточный;61
Северный;61
Северный Баобаб;61
Южный;61
Северный;62
Южный;62
Восточный;62
Имеретия;62
Картли;62
Кахетия;62
Мцхета-Мтианети;62
Рача-Лечхуми и Квемо Сванети;62
Самцхе-Джавахети;62
Шида-Картли;62
Абхазия;62
Аджария;62
Берлин;63
Бранденбург;63
Бремен;63
Гамбург;63
Гессен;63
Мекленбург-Передняя Померания;63
Нижняя Саксония;63
Северный Рейн-Вестфалия;63
Рейнланд-Пфальц;63
Саар;63
Саксония;63
Саксония-Анхальт;63
Шлезвиг-Гольштейн;63
Тюрингия;63
Баден-Вюртемберг;63
Бавария;63
Ашанти;64
Восточный;64
Большая Аккра;64
Северный;64
Верхний Восточный;64
Верхний Западный;64
Вольта;64
Центральный;64
Западный;64
Брага;65
Брага;65
Брага;65
Центральная Греция;65
Восточная Македония и Фракия;65
Эпир;65
Крит;65
Западная Греция;65
Ионические острова;65
Северная Греция;65
Пелопоннес;65
Южная Греция;65
Фессалия;65
Западная Македония;65
Вест-Индия;66
Северная;66
Южная;66
Сент-Джон;66
Сент-Марк;66
Сент-Джордж;66
Сент-Патрик;66
Сент-Эндрю;66
Сент-Дэвид;66
Альта-Верапас;67
Баха-Верапас;67
Чикимула;67
Кобан;67
Эскуинтла;67
Гватемала;67
Уэуэтенанго;67
Исабаль;67
Халапа;67
Хутиапа;67
Киче;67
Петен;67
Кетцальтенанго;67
Реталулеу;67
Сакатепекес;67
Сан-Маркос;67
Санта-Роса;67
Солола;67
Сучитепекес;67
Тотоникапан;67
Закапа;67
Лабе;68
Боке;68
Маму;68
Киндиа;68
Форекария;68
Гекеду;68
Канкан;68
Сигири;68
Дабола;68
Кунджул;68
Дабола;68
Конго;68
Кампо;68
Канкан;68
Бафата;69
Биомбо;69
Болама;69
Кашеу;69
Габу;69
Ойо;69
Кинара;69
Томина;69
Гвинейская;69
Булак;69
Буба;69
Бунда;69
Мато;69
Эссекибо;70
Демерара-Махаика;70
Ист-Бербис-Корентайн;70
Куюни-Мазаруни;70
Потаро-Сипаруни;70
Верхний Демерара-Бербис;70
Верхний Такуту;70
Артибонит;71
Центральный;71
Гранд-Анс;71
Нипп;71
Северный;71
Северо-Восточный;71
Северо-Западный;71
Южный;71
Юго-Восточный;71
Оуэст;71
Атлантида;72
Чолутека;72
Колон;72
Комаягуа;72
Копан;72
Кортес;72
Эль-Параисо;72
Франсиско Морасан;72
Грасиас-а-Дьос;72
Интибука;72
Ислас-де-ла-Баия;72
Санта-Барбара;72
Ла-Пас;72
Лемпира;72
Окотепеке;72
Оланчо;72
Валье;72
Будапешт;73
Баранья;73
Бач-Кишкун;73
Бекеш;73
Боршод-Абауй-Земплен;73
Чонград-Чанад;73
Фейер;73
Дьёр-Мошон-Шопрон;73
Хайду-Бихар;73
Хевеш;73
Яс-Надькун-Сольнок;73
Комаром-Эстергом;73
Ноград;73
Пешт;73
Шомодь;73
Сабольч-Сатмар-Берег;73
Тольна;73
Вас;73
Веспрем;73
Зала;73
Восточный;74
Южный;74
Западный;74
Северный;74
Акурейри;74
Аттар;74
Багдад;74
Дамаск;74
Латания;74
Рейкьявик;74
Андаманские и Никобарские острова;75
Андхра-Прадеш;75
Аруначал-Прадеш;75
Ассам;75
Бихар;75
Чандигарх;75
Чхаттисгарх;75
Даман и Диу;75
Дели;75
Гоа;75
Гуджарат;75
Харьяна;75
Химачал-Прадеш;75
Джаркханд;75
Карнатака;75
Керала;75
Лакшадвип;75
Мадхья-Прадеш;75
Махараштра;75
Манипур;75
Мегхалая;75
Мизорам;75
Нагаленд;75
Одиша;75
Пондичерри;75
Пенджаб;75
Раджастхан;75
Сикким;75
Тамилнад;75
Трипура;75
Уттаракханд;75
Западная Бенгалия;75
Ачех;76
Бали;76
Бантен;76
Бенкулу;76
Джокьякарта;76
Джакарта;76
Горонтало;76
Джамби;76
Западная Ява;76
Центральная Ява;76
Восточная Ява;76
Западный Калимантан;76
Центральный Калимантан;76
Северный Калимантан;76
Южный Калимантан;76
Восточный Калимантан;76
Западные Малые Зондские острова;76
Восточные Малые Зондские острова;76
Малуку;76
Северное Малуку;76
Западная Папуа;76
Папуа;76
Риау;76
Западное Сулавеси;76
Южное Сулавеси;76
Юго-Восточное Сулавеси;76
Центральное Сулавеси;76
Северное Сулавеси;76
Западная Суматра;76
Северная Суматра;76
Южная Суматра;76
Центральная Суматра;76
Рыба;77
Аланда;77
Север;77
Запад;77
Юг;77
Лаос;77
Тегеран;78
Фарс;78
Исфахан;78
Хорасан;78
Хузестан;78
Керман;78
Мазендеран;78
Остан-е-Керманшах;78
Остан-е-Семнан;78
Остан-е-Зенджан;78
Остан-е-Казвин;78
Остан-е-Азербайджан-е-Шарки;78
Остан-е-Азербайджан-е-Гарби;78
Остан-е-Чехармехаль-и-Бахтиари;78
Остан-е-Кохгилуйе-и-Буйер-Ахмад;78
Остан-е-Гилян;78
Остан-е-Хамадан;78
Остан-е-Илам;78
Остан-е-Бушер;78
Остан-е-Ардабил;78
Остан-е-Кум;78
Остан-е-Маркази;78
Остан-е-Керманшах;78
Остан-е-Западно-Азербайджанский;78
Аль-Анбар;79
Багдад;79
Бабиль;79
Басра;79
Ди-Кар;79
Дияла;79
Дохук;79
Эрбил;79
Карбала;79
Киркук;79
Майсан;79
Мутанна;79
Найнава;79
Наджаф;79
Сулеймания;79
Васит;79
Ах-Хидар;79
Уз-Завия;79
Коннахт;80
Лейнстер;80
Манстер;80
Ольстер;80
Северный;80
Центральный;80
Южный;80
Восточный;80
Западный;80
Южный;80
Восточный;81
Северный;81
Центральный;81
Южный;81
Тель-Авив;81
Иерусалим;81
Хайфа;81
Берег;81
Лацио;82
Венеция;82
Ломбардия;82
Пьемонт;82
Сардиния;82
Сицилия;82
Тоскана;82
Умбрия;82
Валле д'Аоста;82
Апулия;82
Базиликата;82
Калабрия;82
Кампания;82
Эмилия-Романья;82
Фриули-Венеция-Джулия;82
Молизе;82
Абруццо;82
Трентино-Альто-Адидже;82
Вестморленд;83
Сент-Эндрю;83
Сент-Анн;83
Сент-Кэтрин;83
Сент-Элизабет;83
Сент-Джеймс;83
Сент-Мэри;83
Портленд;83
Сент-Томас;83
Манчестер;83
Кларендон;83
Токио;84
Айти;84
Акита;84
Аомори;84
Тиба;84
Эхимэ;84
Фукуи;84
Фукуока;84
Фукусима;84
Гифу;84
Гумма;84
Хиросима;84
Хоккайдо;84
Хёго;84
Ибараки;84
Исикава;84
Иватэ;84
Кагава;84
Кагосима;84
Канагава;84
Коти;84
Кумамото;84
Киото;84
Миэ;84
Мияги;84
Миядзаки;84
Нагано;84
Нагасаки;84
Нара;84
Ниигата;84
Оита;84
Окаяма;84
Окинава;84
Осака;84
Сага;84
Сайтама;84
Сига;84
Симанэ;84
Сидзуока;84
Тотиги;84
Тоттори;84
Тояма;84
Вакаяма;84
Ямагата;84
Ямагути;84
Яманаси;84
Ирбид;85
Аджлун;85
Акаба;85
Амман;85
Балька;85
Джараш;85
Мафрак;85
Маан;85
Керак;85
Тафила;85
Зарка;85
Мадаба;85
Актюбинская область;86
Алматинская область;86
Атырауская область;86
Восточно-Казахстанская область;86
Жамбылская область;86
Карагандинская область;86
Костанайская область;86
Кызылординская область;86
Мангистауская область;86
Павлодарская область;86
Северо-Казахстанская область;86
Южно-Казахстанская область;86
Западно-Казахстанская область;86
Астана;86
Байконур;86
Алматы;86
Западный;87
Восточный;87
Северный;87
Рифтовая долина;87
Северо-Восточный;87
Найроби;87
Кирибати;88
Тарава;88
Лайне;88
Гилберт;88
Феникс;88
Чам;88
Пхеньян;89
Хамгён-Намдо;89
Хамгён-Пукто;89
Хванхэ-Намдо;89
Хванхэ-Пукто;89
Канвондо;89
Кесонг;89
Нампо;89
Пхёнъан-Намдо;89
Пхёнъан-Пукто;89
Расон;89
Янгандо;89
Канвондо;90
Кёнгидо;90
Кёнсан-Намдо;90
Кёнсан-Пукто;90
Чолла-Намдо;90
Чолла-Пукто;90
Чхунчхон-Намдо;90
Чхунчхон-Пукто;90
Чеджудо;90
Ахмади;91
Хавалли;91
Капитал;91
Фарвания;91
Джахра;91
Мубарак-аль-Кабир;91
Бишкек;92
Ошская область;92
Джалал-Абадская область;92
Чуйская область;92
Нарынская область;92
Иссык-Кульская область;92
Таласская область;92
Баткенская область;92
Северный;93
Центральный;93
Южный;93
Лаос;93
Рига;94
Латгале;94
Курземе;94
Видземе;94
Земгале;94
Баальбек-Гермель;95
Бейрут;95
Северный Ливан;95
Горный Ливан;95
Южный Ливан;95
Аккар;95
Набатия;95
Бейт-Сана;95
Центральный;95
Бейрут;95
Бейрут;95
Бейрут;95
Бекаа;95
Бейрут;95
Захла;95
Бекаа;95
Масе;95
Матн;95
Бейрут;95
Матн;95
Матн;95
Северный Ливан;95
Южный Ливан;95
Мокхотлонг;96
Береа;96
Бута-Буте;96
Лерибе;96
Мафетенг;96
Масеру;96
Мохалес-Хук;96
Цгачас-Нек;96
Цуб-Мочо;96
Монтенегрин;96
Бамако;97
Джибути;97
Джакоб;97
Фермер;97
Сен-Го;97
Бикань;97
Буф;97
Бра;97
Джибути;97
Сен-Го;97
Браззавиль;97
Конакри;97
Монтсеррадо;97
Лина;97
Маргиби;97
Никойя;97
Плюмели;97
Ривер-Ги;97
Синоэ;97
Ама;97
Бенга;97
Бушрод;97
Напо;97
Ама;97
Ирак;97
Триполи;98
Бенгази;98
Мисурата;98
Себха;98
Мурзук;98
Эль-Вахат;98
Эль-Джабал-эль-Гарби;98
Эль-Джифара;98
Эль-Куфра;98
Эль-Маргаб;98
Эн-Нугат-эль-Хамс;98
Эн-Нугат-эш-Шарки;98
Вади-аль-Хаят;98
Вади-аш-Шати;98
Завия;98
Бина;98
Вади-аш-Шати;98
Лихтенштейн;99
Вадуц;99
Вадуц;99
Шан;99
Ругель;99
Тризенберг;99
Тризен;99
Маурен;99
Гамприн;99
Эшен;99
Шелленберг;99
Плана;99
Литва;100
Алитус;100
Каунас;100
Клайпеда;100
Мариямполе;100
Паневежис;100
Шяуляй;100
Таураге;100
Тельшяй;100
Утена;100
Вильнюс;100

Алитус;100
Каунас;100
Клайпеда;100
Мариямполе;100
Паневежис;100
Шяуляй;100
Таураге;100
Тельшяй;100
Утена;100
Вильнюс;100
Гревенмахер;101
Люксембург;101
Дикирх;101
Аналаманга;102
Анциранана;102
Фианаранцуа;102
Махаджанга;102
Туамасина;102
Тулиара;102
Центральный;103
Северный;103
Южный;103
Малави;103
Джохор;104
Кедах;104
Келантан;104
Мелака;104
Негери-Сембилан;104
Паханг;104
Перак;104
Перлис;104
Пулау-Пинанг;104
Сабах;104
Саравак;104
Селангор;104
Теренггану;104
Федеральная территория Куала-Лумпур;104
Федеральная территория Путраджая;104
Федеральная территория Лабуан;104
Северный;105
Центральный;105
Южный;105
Гафула;105
Гааф-Алиф;105
Гнавийани;105
Адаалиф;105
Дхаалу;105
Меему;105
Фаафу;105
Тхаа;105
Медху;105
Лааму;105
Гаафу-Дхаалу;105
Гнавийани;105
Сиину;105
Гафула;105
Кеда;105
Каафу;105
Адду;105
Сиину;105
Антони;106
Бамако;106
Каес;106
Куликоро;106
Мопти;106
Сегу;106
Сикасо;106
Тимбукту;106
Кидаль;106
Гао;106
Мем;106
Гафа;106
Гозо и Комино;107
Мальта;107
Острова Маршалла;108
Эбе;108
Ралики;108
Ратак;108
Айлу;108
Амо;108
Арно;108
Аур;108
Бикар;108
Бикини;108
Бок;108
Острова Маршалла;108
Острова;108
Острова;108
Ходх-эш-Шарки;109
Ходх-эль-Гарби;109
Адрар;109
Ассаба;109
Бракна;109
Дахлет-Нуадибу;109
Горголь;109
Кудимаха;109
Асаба;109
Трарза;109
Дахлет-Нуадибу;109
Адрар;109
Дахлет-Нуадибу;109
Хаззах;109
Маврикий;110
Агра;110
Алексис-Мур;110
Блэк-Ривер;110
Флак;110
Гранд-Порт;110
Морн;110
Памплемус;110
Плейнс-Уиллемс;110
Порт-Луи;110
Ривьер-дю-Ремпар;110
Саванна;110
Мексика;111
Агуаскальентес;111
Нижняя Калифорния;111
Южная Нижняя Калифорния;111
Кампече;111
Чьяпас;111
Чиуауа;111
Коауила;111
Колима;111
Дуранго;111
Гуанахуато;111
Герреро;111
Идальго;111
Халиско;111
Мексика;111
Мексика;111
Морелос;111
Наярит;111
Нуэво-Леон;111
Оахака;111
Пуэбла;111
Керетаро;111
Кинтана-Роо;111
Сан-Луис-Потоси;111
Синалоа;111
Сонора;111
Табаско;111
Тамаулипас;111
Тласкала;111
Веракрус;111
Юкатан;111
Сакатекас;111
Федеральный округ;111
Косраэ;112
Чуук;112
Понпей;112
Яп;112
Гагаузия;113
Кишинёв;113
Бельцы;113
Кагул;113
Единец;113
Орхей;113
Сорока;113
Тирасполь;113
Приднестровье;113
Монако;114
Фонвьей;114
Ла-Кондамин;114
Монте-Карло;114
Улан-Батор;115
Архангай;115
Баян-Улгий;115
Баянхонгор;115
Булган;115
Дорнод;115
Дорноговь;115
Дундговь;115
Говь-Алтай;115
Говь-Сумбэр;115
Хэнтий;115
Ховд;115
Хувсгел;115
Сэлэнгэ;115
Сэлэнгэ;115
Сэлэнгэ;115
Андалусия;116
Арагон;116
Астурия;116
Балеарские острова;116
Страна Басков;116
Канарские острова;116
Кантабрия;116
Кастилия-Ла-Манча;116
Кастилия-и-Леон;116
Каталония;116
Эстремадура;116
Галисия;116
Мадрид;116
Мурсия;116
Наварра;116
Ла-Риоха;116
Валенсия;116
Берген;117
Будва;117
Херцег-Нови;117
Котор;117
Никшич;117
Подгорица;117
Цетине;117
Плевля;117
Бело-Поле;117
Дабара;117
Марокко;118
Касабланка-Сеттат;118
Фес-Мекнес;118
Марракеш-Сафи;118
Драа-Тафилалет;118
Восточный;118
Бени-Меллаль-Хенифра;118
Рабат-Сале-Кенитра;118
Сус-Масса;118
Дахла-Уэд-Эд-Дахаб;118
Гуэльмим-Уэд-Нун;118
Эль-Аюн-Сагия-эль-Хамра;118
Нью-Йорк;118
Нью-Йорк;118
Нью-Йорк;118
Нью-Йорк;118
Нью-Йорк;118
Кабо-Делгаду;119
Газа;119
Иньямбане;119
Маника;119
Мапуту;119
Нампула;119
Ньяса;119
Софала;119
Тете;119
Замбезия;119
Абу-Даби;119
Абу-Даби;119
Иерусалим;119
Каир;119
Иерусалим;119
Каир;119
Иерусалим;119
Каир;119
Рангун;120
Мандалай;120
Напеидав;120
Баго;120
Качин;120
Кая;120
Карен;120
Мон;120
Ракхайн;120
Шан;120
Иравади;120
Чин;120
Магве;120
Сагаинг;120
Танинтайи;120
Восточный;120
Западный;120
Катманду;121
Центральный;121
Западный;121
Дальнезападный;121
Южный;121
Северный;121
Лумбини;121
Багмати;121
Гандаки;121
Дхаулагири;121
Рапт;121
Сети;121
Мадхеш;121
Айленс-Хог;122
Маурисиус-Фронт;122
Хоустон;122
Амстердам;122
Острова;122
Острова;122
Голландия;123
Гронинген;123
Гелдерланд;123
Южная Голландия;123
Северная Голландия;123
Утрехт;123
Флеволанд;123
Зеландия;123
Северный Брабант;123
Фрисландия;123
Лимбург;123
Дренте;123
Оверейсел;123
Южный;124
Северный;124
Западный;124
Кентербери;124
Уэстленд;124
Гамильтон;124
Денвер;124
Токио;124
Гамильтон;124
Мана;124
Окленд;124
Британские Виргинские острова;124
Гана;124
Бразилия;124
Канада;124
США;124
Мексика;124
Чикаго;124
Гамильтон;124
Манагуа;125
Леон;125
Манагуа;125
Грасиас-а-Дьос;125
Хинотега;125
Масая;125
Эстели;125
Ривас;125
Чинандега;125
Хуан;125
Кардас;125
Агадес;126
Диффа;126
Доссо;126
Маради;126
Нью-Джерси;126
Нью-Джерси;126
Нью-Джерси;126
Нью-Джерси;126
Нью-Джерси;126
Нью-Джерси;126
Нью-Джерси;126
Нью-Джерси;126
Нью-Джерси;126
Нью-Джерси;126
Нью-Джерси;126
Нью-Джерси;126
Нью-Джерси;126
Нью-Джерси;126
Абия;127
Абуджа;127
Адам;127
Аква-Ибом;127
Анамбра;127
Баучи;127
Бенуэ;127
Борно;127
Кросс-Ривер;127
Дельта;127
Эбонии;127
Эдо;127
Экити;127
Энугу;127
Гомбе;127
Имо;127
Джигава;127
Кадуна;127
Кано;127
Кацина;127
Кебби;127
Коги;127
Квара;127
Лагос;127
Насарава;127
Нигер;127
Огун;127
Ойо;127
Плато;127
Риверс;127
Сокото;127
Тараба;127
Йобе;127
Замфара;127
Южная;128
Южная;128
Южная;128
Южная;128
Южная;128
Берген;129
Осло;129
Тромсё;129
Аккерсхус;129
Бускеруд;129
Финнмарк;129
Хедмарк;129
Хордаланн;129
Мор-ог-Ромсдал;129
Нурланн;129
Оппланн;129
Остфолд;129
Рогаланд;129
Согн-ог-Фьордане;129
Сёр-Трёнделаг;129
Телемарк;129
Тромс;129
Вестфолд;129
Адамава;130
Северо-Западный;130
Юго-Восточный;130
Юго-Западный;130
Юго-Восточный;130
Ад-Дахилия;130
Аль-Батына-Норд;130
Аль-Батына-Сюд;130
Аль-Бурайми;130
Аль-Вуста;130
Аш-Шаркия-Норд;130
Аш-Шаркия-Сюд;130
Маскат;130
Мусандам;130
Зуфар;130
Белуджистан;131
Хайбер-Пахтунхва;131
Пенджаб;131
Синд;131
Исламабад;131
Азад-Кашмир;131
Гилгит-Балтистан;131
Вадуц;132
Мекка;132
Самара;132
Майя;132
Казахстан;132
Палау;132
Пеленга;132
Нью-Йорк;132
Канада;132
Ама;132
Корона;132
США;132
Бразилия;132
Нью-Йорк;132
Дания;132
Панама;133
Колон;133
Дарьен;133
Эррера;133
Лос-Сантос;133
Панама;133
Верагуас;133
Бокас-дель-Торо;133
Чирики;133
Кокле;133
Куна-Яла;133
Остров;133
Папуа-Новая Гвинея;134
Восточные Горы;134
Восточная Новая Британия;134
Восточный Сепик;134
Эн-Кагара;134
Западные Горы;134
Маданг;134
Манус;134
Милн-Бей;134
Моробе;134
Западная Новая Британия;134
Нью-Айрленд;134
Северные;134
Южные;134
Западные;134
Бугенвиль;134
Высокогорье;134
Сакоба;134
Центральный;134
Альто-Парана;135
Амамбай;135
Бокерон;135
Каагуасу;135
Каасапа;135
Каниндею;135
Центральный;135
Консепсьон;135
Кордильера;135
Гуайра;135
Итапуа;135
Мисьонес;135
Ньеэмбуку;135
Парагвари;135
Пресиденте-Хайес;135
Сан-Педро;135
Асунсьон;135
Амазонас;136
Анкаш;136
Апуримак;136
Арекипа;136
Аякучо;136
Кахамарка;136
Кальяо;136
Куско;136
Уануко;136
Уанкавели;136
Ика;136
Хунин;136
Ла-Либертад;136
Ламбаеке;136
Лима;136
Лорето;136
Мадре-де-Дьос;136
Мокегуа;136
Паско;136
Пьюра;136
Пуно;136
Сан-Мартин;136
Такна;136
Туирилла;136
Тума;136
Укаяли;136
Центральный;136
Западный;136
Восточный;136
Национальный столичный регион;137
Кордильера;137
Метро-Манила;137
Калабарсон;137
Биколь;137
Западные Висайи;137
Центральные Висайи;137
Восточные Висайи;137
Полуостров Замбоанга;137
Северный Минданао;137
Давао;137
Сокксерген;137
Карага;137
Автономный регион Бангсаморо;137

Австрия;137
Бельгия;137
Бразилия;137
Канада;137
Китай;137
Чехия;137
Дания;137
Финляндия;137
Франция;137
Германия;137
Венгрия;137
Индия;137
Италия;137
Япония;137
Мальта;137
Мексика;137
Новая Зеландия;137
Норвегия;137
Польша;137
Португалия;137
Румыния;137
Словакия;137
Южная Корея;137
Испания;137
Швеция;137
Швейцария;137
Украина;137
Великобритания;137
США;137
Метро-Манила;137
Кордильера;137
Илокос;137
Кагаян;137
Центральный Лусон;137
Калабарсон;137
Мимаропа;137
Биколь;137
Западные Висайи;137
Центральные Висайи;137
Восточные Висайи;137
Полуостров Замбоанга;137
Северный Минданао;137
Давао;137
Сокксерген;137
Карага;137
Автономный регион Бангсаморо;137
Дольни-Шлёнск;138
Куявско-Поморское;138
Лодзь;138
Люблин;138
Любуш;138
Мазовецкое;138
Малопольское;138
Опольское;138
Подкарпатское;138
Подляское;138
Поморское;138
Силезское;138
Свентокшиское;138
Варминско-Мазурское;138
Великопольское;138
Западно-Поморское;138
Авейру;139
Бежа;139
Брага;139
Браганса;139
Каштелу-Бранку;139
Коимбра;139
Эвора;139
Фару;139
Гуарда;139
Лейрия;139
Лиссабон;139
Порталегре;139
Порту;139
Сантарен;139
Сетубал;139
Виана-ду-Каштелу;139
Вила-Реал;139
Визеу;139
Азорские острова;139
Мадейра;139
Эш-Шамаль;140
Эль-Хаур;140
Ад-Дайиан;140
Умм-Салал;140
Доха;140
Эр-Райян;140
Эль-Вакра;140
Румыния;141
Бистрица-Нэсэуд;141
Брашов;141
Бузэу;141
Клуж;141
Ковасна;141
Констанца;141
Дымбовица;141
Долж;141
Галац;141
Горж;141
Хунедоара;141
Яломица;141
Яссы;141
Марамуреш;141
Мехединци;141
Муреш;141
Нямц;141
Олт;141
Прахова;141
Сэлаж;141
Сибиу;141
Сучава;141
Телеорман;141
Тимиш;141
Тульча;141
Вранча;141
Бакэу;141
Брашов;141
Бухарест;141
Алтай;142
Амур;142
Архангельск;142
Астрахань;142
Белгород;142
Брянск;142
Челябинск;142
Читинская;142
Иркутск;142
Ивановская;142
Калининград;142
Калуга;142
Камчатская;142
Кемеровская;142
Кировская;142
Коми;142
Кострома;142
Краснодар;142
Курган;142
Курск;142
Ленинград;142
Липецк;142
Магадан;142
Москва;142
Мурманск;142
Нижний Новгород;142
Новгородская;142
Новосибирск;142
Омск;142
Оренбургская;142
Орёл;142
Пензенская;142
Пермский;142
Приморский;142
Псков;142
Ростов;142
Рязанская;142
Сахалин;142
Самара;142
Санкт-Петербург;142
Свердловская;142
Смоленская;142
Ставрополь;142
Тамбов;142
Тверская;142
Томск;142
Тула;142
Тюмень;142
Ульяновск;142
Владимирская;142
Волгоград;142
Вологда;142
Воронеж;142
Ярославль;142
Якутия;142
Абхазия;142
Башкортостан;142
Бурятия;142
Дагестан;142
Ингушетия;142
Кабардино-Балкария;142
Калмыкия;142
Карачаево-Черкесия;142
Карелия;142
Марий Эл;142
Мордовия;142
Северная Осетия;142
Татарстан;142
Тыва;142
Удмуртия;142
Хакасия;142
Чечня;142
Чувашия;142
Восточная;143
Северная;143
Южная;143
Западная;143
Кигали;143
Восточная провинция;144
Западная провинция;144
Северная провинция;144
Южная провинция;144
Маскат;144
Ниа;144
Центральный;144
Центральный;144
Сент-Китс и Невис;144
Гренада;144
Сент-Люсия;145
Кастри;145
Анс-ла-Рей;145
Канари;145
Шуазёль;145
Грос-Айлет;145
Лабори;145
Микуд;145
Деннери;145
Суфриер;145
Вье-Фор;145
Сент-Винсент и Гренадины;146
Кингстаун;146
Барбуда;146
Бекиа;146
Керк;146
Апиа;147
Аига-и-Ле-Таи;147
Аана;147
Аига-и-ле-Таи;147
Гагаэмауга;147
Гагаифомауга;147
Фалеатаи;147
Палели;147
Туамасага;147
Вайсигано;147
Ваимауга;147
Самоа;147
Сан-Марино;148
Аккуавива;148
Борго-Маджоре;148
Кьезануова;148
Доманьяно;148
Фаэтано;148
Фьорентино;148
Монтегиардино;148
Серравалле;148
Сан-Томе и Принсипи;149
Агуа-Гранде;149
Кантало;149
Кауэ;149
Лемба;149
Лобата;149
Ме-Зоши;149
Сан-Томе;149
Принсипи;149
Баха;150
Восточный;150
Центральный;150
Восточный;150
Центральный;150
Восточный;150
Центральный;150
Восточный;150
Эр-Рияд;150
Мекка;150
Медина;150
Восточная провинция;150
Асир;150
Табук;150
Хаиль;150
Северные границы;150
Джизан;150
Наджран;150
Эль-Касим;150
Эль-Джауф;150
Эр-Рияд;150
Дина;150
Медине;150
Медина;150
Мекка;150
Дакар;151
Диурбель;151
Фатик;151
Кафрин;151
Каолак;151
Кедугу;151
Колда;151
Луга;151
Матам;151
Сен-Луи;151
Тамбакунда;151
Тиес;151
Зигиншор;151
Западная;151
Западная;151
Западная;151
Белград;152
Воеводина;152
Косово;152
Северная;152
Центральная;152
Южная;152
Южная;152
Северная;152
Северная;152
Северная;152
Центральная;152
Северная;152
Центральная;152
Белград;152
Сейшельские острова;153
Внешние острова;153
Внутренние острова;153
Сьерра-Леоне;154
Восточная;154
Северная;154
Северо-Западная;154
Южная;154
Западная;154
Сингапур;155
Сингапур;155
Сингапур;155
Сингапур;155
Сингапур;155
Сингапур;155
Центральная;156
Восточная;156
Западная;156
Северная;156
Южная;156
Словения;157
Центральная;157
Южная;157
Западная;157
Восточная;157
Южная;157
Юго-Восточная;157
Центральная;157
Центральная;157
Центральная;157
Западная;157
Западная;157
Центральная;157
Центральная;157
Центральная;157
Западная;157
Центральная;157
Западная;157
Центральная;157
Центральная;157
Малаита;158
Западная;158
Гуадалканал;158
Центральная;158
Шортланд;158
Западная;158
Центральная;158
Центральная;158
Центральная;158
Западная;158
Западная;158
Западная;158
Западная;158
Банадир;159
Гальгудуд;159
Хиран;159
Средняя Джубба;159
Нижняя Джубба;159
Бай;159
Бакул;159
Гедо;159
Нижняя Шабелле;159
Средняя Шабелле;159
Мудуг;159
Нугаль;159
Восточная;159
Восточная;159
Восточная;159
Восточная;159
Северная;159
Северная;159
Северная;159
Северная;159
Северная;159
Северная;159
Северная;159
Северная;159
Северная;159
Северная;159
Северная;159
Северная;159
Восточная;159
Северная;159
Северная;159
Восточная;159
Восточная;159
Восточная;159
Восточная;159
Восточная;159
Восточная;159
Восточная;159
Восточная;159
Восточная;159
Западный Кейп;160
Восточный Кейп;160
Северный Кейп;160
Фри-Стейт;160
Квазулу-Натал;160
Гаутенг;160
Мпумаланга;160
Лимпопо;160
Северо-Западный;160

Западный Кейп;160
Восточный Кейп;160
Северный Кейп;160
Фри-Стейт;160
Квазулу-Натал;160
Гаутенг;160
Мпумаланга;160
Лимпопо;160
Северо-Западный;160
Али-Сабиех;161
Али-Сабиех;161
Али-Сабиех;161
Али-Сабиех;161
Али-Сабиех;161
Али-Сабиех;161
Каллаф;161
Западный;162
Южный;162
Центральный;162
Манасе;162
Эш-Шарга;162
Эш-Шималь;162
Эль-Хаур;162
Ама;162
Эр-Райян;162
Бали;162
Кхат;162
Бали;162
Ирландия;162
Ирландия;162
Ирландия;162
Ирландия;162
Ирландия;162
Ирландия;162
Ирландия;162
Западный Дарфур;163
Центральный Дарфур;163
Восточный Дарфур;163
Северный Дарфур;163
Южный Дарфур;163
Красное море;163
Кассала;163
Гедареф;163
Хартум;163
Северный Кордофан;163
Южный Кордофан;163
Белый Нил;163
Голубой Нил;163
Сеннар;163
Эль-Гезира;163
Нильская;163
Северная;163
Ирак;164
Багдад;164
Бабиль;164
Басра;164
Ди-Кар;164
Дияла;164
Дохук;164
Эрбил;164
Карбала;164
Киркук;164
Майсан;164
Мутанна;164
Найнава;164
Наджаф;164
Сулеймания;164
Васит;164
Аль-Анбар;164
Ангуилья;164
Фермер;164
Шотландия;165
Уэльс;165
Северная Ирландия;165
Англия;165
Восточный Мидлендс;165
Восточная Англия;165
Лондон;165
Северо-Восточная Англия;165
Северо-Западная Англия;165
Юго-Восточная Англия;165
Юго-Западная Англия;165
Уэст-Мидлендс;165
Йоркшир и Хамбер;165
Англия;165
Каталония;165
Алабама;166
Аляска;166
Аризона;166
Арканзас;166
Калифорния;166
Колорадо;166
Коннектикут;166
Делавэр;166
Флорида;166
Джорджия;166
Гавайи;166
Айдахо;166
Иллинойс;166
Индиана;166
Айова;166
Канзас;166
Кентукки;166
Луизиана;166
Мэн;166
Мэриленд;166
Массачусетс;166
Мичиган;166
Миннесота;166
Миссисипи;166
Миссури;166
Монтана;166
Небраска;166
Невада;166
Нью-Гэмпшир;166
Нью-Джерси;166
Нью-Мексико;166
Нью-Йорк;166
Северная Каролина;166
Северная Дакота;166
Огайо;166
Оклахома;166
Орегон;166
Пенсильвания;166
Род-Айленд;166
Южная Каролина;166
Южная Дакота;166
Теннесси;166
Техас;166
Юта;166
Вермонт;166
Вирджиния;166
Вашингтон;166
Западная Вирджиния;166
Висконсин;166
Вайоминг;166
Вашингтон, округ Колумбия;166
Ама;167
Вади;167
Эль-Мин;167
Аль-Хас;167
Алеппо;167
Дамаск;167
Дамаск;167
Идлиб;167
Латакия;167
Хама;167
Хомс;167
Ракка;167
Дейр-эз-Зор;167
Эс-Сувейда;167
Дараа;167
Кнейтра;167
Тартус;167
Восточный;167
Центральный;167
Байкал;167
Аризона;167
Киев;168
Черкассы;168
Чернигов;168
Черновцы;168
Днепр;168
Донецк;168
Ивано-Франковск;168
Харьков;168
Херсон;168
Хмельницкий;168
Кропивницкий;168
Луганск;168
Львов;168
Николаев;168
Одесса;168
Полтава;168
Ровно;168
Сумы;168
Тернополь;168
Винница;168
Волынская;168
Закарпатье;168
Запорожье;168
Житомир;168
Бор-эль-Джедид;169
Бизерта;169
Габес;169
Гафса;169
Джендуба;169
Кайруан;169
Кассерин;169
Кебили;169
Махдия;169
Мануба;169
Меденин;169
Монастир;169
Набуль;169
Сфакс;169
Сиди-Бу-Зид;169
Сильяна;169
Сус;169
Татауин;169
Тозёр;169
Тунис;169
Загуан;169
Адана;170
Анкара;170
Анталья;170
Артвин;170
Балыкесир;170
Бурса;170
Чанаккале;170
Чорум;170
Денизли;170
Эскишехир;170
Газиантеп;170
Гебзе;170
Хатай;170
Ыспарта;170
Мерсин;170
Измир;170
Карабюк;170
Кастамону;170
Кайсери;170
Кыршехир;170
Конья;170
Кютахья;170
Маниса;170
Мугла;170
Османчик;170
Ризе;170
Сакарья;170
Самсун;170
Синоп;170
Сивас;170
Текирдаг;170
Трабзон;170
Анталия;170
Караман;170
Карс;170
Коджаэли;170
Невшехир;170
Орду;170
Осман;170
Ризе;170
Токат;170
Ашхабад;171
Ахал;171
Балкан;171
Дашогуз;171
Лебап;171
Мары;171
Банадир;172
Гальгудуд;172
Хиран;172
Средняя Джубба;172
Нижняя Джубба;172
Нижняя Шабелле;172
Средняя Шабелле;172
Бай;172
Бакул;172
Гедо;172
Мудуг;172
Нугаль;172
Бари;172
Сул;172
Северный;172
Восточный;172
Южный;172
Центральный;172
Южный;172
Южный;172
Южный;172
Южный;172
Южный;172
Южный;172
Южный;172
Южный;172
Южный;172
Южный;172
Южный;172
Южный;172
Ама;173
Ватула;173
Валлеа;173
Вила;173
Острова;173
Торба;173
Санма;173
Шефа;173
Тафеа;173
Буэнос-Айрес;174
Аргентина;174
Кордова;174
Санта-Фе;174
Мендоса;174
Тукуман;174
Корриентес;174
Сальта;174
Мисьонес;174
Чако;174
Чубут;174
Рио-Негро;174
Санта-Крус;174
Сакатепекес;174
Энтре-Риос;174
Формоса;174
Ла-Пампа;174
Жужуй;174
Неукен;174
Аттика;175
Кикладес;175
Додеканес;175
Фтиотида;175
Фокида;175
Ахея;175
Илия;175
Коринфия;175
Арголида;175
Арджирополи;175
Аркадия;175
Беотия;175
Эвбея;175
Эвритания;175
Кардица;175
Лариса;175
Магнисия;175
Трикала;175
Фессалоники;175
Халкидики;175
Иматия;175
Килкис;175
Пелла;175
Пиерия;175
Серес;175
Артa;175
Янина;175
Превеза;175
Теспротия;175
Гревена;175
Касторья;175
Козани;175
Флорина;175
Ретимнон;175
Ханья;175
Ласити;175
Ираклион;175
Абха;175
Лава;176
Белград;176
Будва;176
Херцег-Нови;176
Котор;176
Никшич;176
Подгорица;176
Цетине;176
Аа;176
Лава;176
Национальный;176
Кингстаун;176
Апис;176
Канберра;176
Белград;176
Белград;176
Ланка;176
Ланка;176
Ланка;176
Ланка;176
Ланка;176
Ланка;176
Ланка;176
Ланка;176
Ланка;176
Ланка;176
Ланка;176
Ланка;176
Бухарская область;177
Джизакская область;177
Каракалпакстан;177
Кашкадарьинская область;177
Навоийская область;177
Андижанская область;177
Самаркандская область;177
Сырдарьинская область;177
Ташкент;177
Ташкентская область;177
Сурхандарьинская область;177
Ферганская область;177
Хорезмская область;177
Бали;178
Бантен;178
Бенкулу;178
Джокьякарта;178
Горонтало;178
Джамби;178
Западная Ява;178
Центральная Ява;178
Восточная Ява;178
Западный Калимантан;178
Центральный Калимантан;178
Северный Калимантан;178
Южный Калимантан;178
Восточный Калимантан;178
Западные Малые Зондские острова;178
Восточные Малые Зондские острова;178
Малуку;178
Северное Малуку;178
Западная Папуа;178
Папуа;178
Риау;178
Западное Сулавеси;178
Южное Сулавеси;178
Юго-Восточное Сулавеси;178
Центральное Сулавеси;178
Северное Сулавеси;178
Западная Суматра;178
Северная Суматра;178
Южная Суматра;178
Лампунг;178
Ачех;178
Ханой;179
Хошимин;179
Дананг;179
Хайфон;179
Кантхо;179
Анзянг;179
Бакзянг;179
Баккан;179
Бакльеу;179
Бакнинь;179
Бенче;179
Биньдинь;179
Биньзыонг;179
Биньфыок;179
Биньтхуан;179
Камау;179
Каобанг;179
Даклак;179
Дакнонг;179
Дьенбьен;179
Донгнай;179
Донгтхап;179
Зялай;179
Хазянг;179
Хайзыонг;179
Ханам;179
Хатинь;179
Хаузянг;179
Хоабинь;179
Хунгйен;179
Кханьхоа;179
Кьензянг;179
Контум;179
Лайтяу;179
Ламдонг;179
Лангшон;179
Лаокай;179
Лонган;179
Намдинь;179
Нгеан;179
Ниньбинь;179
Ниньтхуан;179
Футо;179
Фуйен;179
Куангбинь;179
Куангнам;179
Куангнгай;179
Куангнинь;179
Куангчи;179
Шокчанг;179
Шонла;179
Тэйнинь;179
Тхайбинь;179
Тхайнгуен;179
Тханьхоа;179
Тхыатхьен-Хюэ;179
Тьензянг;179
Чавинь;179
Туенкуанг;179
Виньлонг;179
Виньфук;179
Вунгтау;179
Йенбай;179
Йемен;180
Аден;180
Амран;180
Абиян;180
Дамар;180
Эль-Дали;180
Эль-Бейда;180
Эль-Ходейда;180
Эль-Джауф;180
Эль-Махра;180
Хадрамаут;180
Хаджджа;180
Ибб;180
Лахдж;180
Маариб;180
Саада;180
Сана;180
Сана;180
Шабва;180
Таиз;180
Замбия;181
Центральный;181
Коппербелт;181
Восточный;181
Луапула;181
Лусака;181
Мушинга;181
Северный;181
Северо-Западный;181
Южный;181
Западный;181
Маноника;181
Макапа;181

Центральный;182
Восточный;182
Южный;182
Матабелеленд-Север;182
Матабелеленд-Юг;182
Мидлендс;182
Хараре;182
Машоналенд-Восток;182
Машоналенд-Центр;182
Машоналенд-Запад;182
Маникаленд;182
Кайфун;183
Маа;183
Маа;183
Маа;183
Маа;183
Оса;183
Оса;183
Эль-Хамра;183
Эль-Хаур;183
Ад-Дайиан;183
Умм-Салал;183
Доха;183
Эр-Райян;183
Эль-Вакра;183
Малайзия;184
Джохор;184
Кедах;184
Келантан;184
Мелака;184
Негери-Сембилан;184
Паханг;184
Перак;184
Перлис;184
Пулау-Пинанг;184
Сабах;184
Саравак;184
Селангор;184
Теренггану;184
Федеральная территория Куала-Лумпур;184
Федеральная территория Путраджая;184
Федеральная территория Лабуан;184
Мальдивы;185
Атолл Адаалу;185
Атолл Фаафу;185
Атолл Кхат;185
Атолл Гафула;185
Атолл Мидху;185
Атолл Каафу;185
Атолл Лааму;185
Атолл Нукума;185
Атолл Нукума;185
Атолл Нукума;185
Атолл Нукума;185
Атолл Нукума;185
Атолл Нукума;185
Атолл Нукума;185
Атолл Нукума;185
Атолл Нукума;185
Атолл Нукума;185
Атолл Нукума;185
Атолл Нукума;185
Атолл Нукума;185
Монако;186
Фонвьей;186
Ла-Кондамин;186
Монте-Карло;186
Монголия;187
Улан-Батор;187
Архангай;187
Баян-Улгий;187
Баянхонгор;187
Булган;187
Говь-Алтай;187
Говь-Сумбэр;187
Дорнод;187
Дорноговь;187
Дундговь;187
Завхан;187
Хэнтий;187
Ховд;187
Хувсгел;187
Сэлэнгэ;187
Сэлэнгэ;187
Сухэ-Батор;187
Дархан-Уул;187
Дархан-Уул;187
Астана;188
Алматы;188
Атырауская область;188
Карагандинская область;188
Костанайская область;188
Кызылординская область;188
Павлодарская область;188
Восточно-Казахстанская область;188
Западно-Казахстанская область;188
Жамбылская область;188
Южно-Казахстанская область;188
Северо-Казахстанская область;188
Мангистауская область;188
Алматинская область;188
Акмолинская область;188
Акмолинская область;188
Багдад;189
Найнава;189
Басра;189
Дияла;189
Карбала;189
Васит;189
Анбар;189
Бабиль;189
Ди-Кар;189
Дохук;189
Эрбил;189
Майсан;189
Мутанна;189
Наджаф;189
Сулеймания;189
Дарфуру;190
Джазира;190
Нильская;190
Кассала;190
Хартум;190
Белый Нил;190
Голубой Нил;190
Сеннар;190
Красное море;190
Красное море;190
Красное море;190
Красное море;190
Красное море;190
Красное море;190
Красное море;190
Красное море;190
Южный Кордофан;190
Северный Кордофан;190
Западный Кордофан;190
Сурби;190
Хартум;190
Хартум;190
Хартум;190
Хартум;190
Хартум;190
Хартум;190
Хартум;190
Але;191
Ад-Дака;191
Кассала;191
Западный;191
Южный;191
Северный;191
Северный;191
Северный;191
Северный;191
Северный;191
Северный;191
Северный;191
Северный;191
Северный;191
Северный;191
Западный;191
Западный;191
Западный;191
Западный;191
Восточный;191
Восточный;191
Восточный;191
Восточный;191
Восточный;191
Восточный;191
Восточный;191
Восточный;191
Восточный;191
Южный;191
Южный;191
Южный;191
Южный;191
Южный;191
Южный;191
Южный;191
Южный;191
Южный;191
Массачусетс;192
Вашингтон;192
Техас;192
Нью-Йорк;192
Калифорния;192
Флорида;192
Огайо;192
Иллинойс;192
Пенсильвания;192
Мичиган;192
Джорджия;192
Северная Каролина;192
Виргиния;192
Теннесси;192
Миссури;192
Мэриленд;192
Индиана;192
Аризона;192
Колорадо;192
Миннесота;192
Висконсин;192
Массачусетс;192
Орегон;192
Кентукки;192
Луизиана;192
Коннектикут;192
Оклахома;192
Южная Каролина;192
Алабама;192
Юта;192
Арканзас;192
Невада;192
Канзас;192
Миссисипи;192
Нью-Мексико;192
Айдахо;192
Небраска;192
Западная Виргиния;192
Аляска;192
Монтана;192
Вайоминг;192
Делавэр;192
Южная Дакота;192
Северная Дакота;192
Гавайи;192
Вермонт;192
Род-Айленд;192
Нью-Гэмпшир;192
Мэн;192
Берн;193
Ааргау;193
Базель-Штадт;193
Базель-Ланд;193
Фрибур;193
Женева;193
Гларус;193
Граубюнден;193
Юра;193
Люцерн;193
Невшатель;193
Нидвальден;193
Обвальден;193
Санкт-Галлен;193
Шаффхаузен;193
Швиц;193
Золотурн;193
Тичино;193
Тургау;193
Ури;193
Вале;193
Во;193
Цуг;193
Цюрих;193
Кейп-Верде;194
Атолл Бикини;194
Атолл Кум;194
Буэнос-Айрес;194
Аргентина;194
Кордова;194
Санта-Фе;194
Мендоса;194
Тукуман;194
Корриентес;194
Сальта;194
Мисьонес;194
Чако;194
Чубут;194
Рио-Негро;194
Санта-Крус;194
Энтре-Риос;194
Формоса;194
Ла-Пампа;194
Жужуй;194
Неукен;194